"0","library(WGCNA)
"
"2","Loading required package: dynamicTreeCut
"
"2","Loading required package: fastcluster
"
"2","
Attaching package: ‘fastcluster’

"
"2","The following object is masked from ‘package:stats’:

    hclust

"
"2","
"
"2","Registered S3 method overwritten by 'htmlwidgets':
  method           from         
  print.htmlwidget tools:rstudio
"
"2","Registered S3 method overwritten by 'data.table':
  method           from
  print.data.table     
"
"2","
Attaching package: ‘WGCNA’

"
"2","The following object is masked from ‘package:stats’:

    cor

"
